<?xml version="1.0" encoding="UTF-8"?>
<metadata xml:lang="en"><Esri><CreaDate>20221010</CreaDate><CreaTime>08565100</CreaTime><ArcGISFormat>1.0</ArcGISFormat><SyncOnce>FALSE</SyncOnce><DataProperties><itemProps><itemName Sync="TRUE">HTI2022_ZMPAP_Commune</itemName><imsContentType Sync="TRUE">002</imsContentType><itemSize Sync="TRUE">0.000</itemSize><itemLocation><linkage Sync="TRUE">file://\\HTI-LAP-521\C$\Users\Cineas Jean Phillipe\Desktop\MSNA_Echantillon\MSNA_work\Data\Fichier_final\HTI2022_ZMPAP_Commune.shp</linkage><protocol Sync="TRUE">Local Area Network</protocol></itemLocation></itemProps><coordRef><type Sync="TRUE">Geographic</type><geogcsn Sync="TRUE">GCS_unknown</geogcsn><csUnits Sync="TRUE">Angular Unit: Degree (0.017453)</csUnits><peXml Sync="TRUE">&lt;GeographicCoordinateSystem xsi:type='typens:GeographicCoordinateSystem' xmlns:xsi='http://www.w3.org/2001/XMLSchema-instance' xmlns:xs='http://www.w3.org/2001/XMLSchema' xmlns:typens='http://www.esri.com/schemas/ArcGIS/2.7.0'&gt;&lt;WKT&gt;GEOGCS[&amp;quot;GCS_unknown&amp;quot;,DATUM[&amp;quot;D_WGS_1984&amp;quot;,SPHEROID[&amp;quot;WGS_1984&amp;quot;,6378137.0,298.257223563]],PRIMEM[&amp;quot;Greenwich&amp;quot;,0.0],UNIT[&amp;quot;Degree&amp;quot;,0.0174532925199433]]&lt;/WKT&gt;&lt;XOrigin&gt;-400&lt;/XOrigin&gt;&lt;YOrigin&gt;-400&lt;/YOrigin&gt;&lt;XYScale&gt;11258999068426.238&lt;/XYScale&gt;&lt;ZOrigin&gt;-100000&lt;/ZOrigin&gt;&lt;ZScale&gt;10000&lt;/ZScale&gt;&lt;MOrigin&gt;-100000&lt;/MOrigin&gt;&lt;MScale&gt;10000&lt;/MScale&gt;&lt;XYTolerance&gt;8.983152841195215e-09&lt;/XYTolerance&gt;&lt;ZTolerance&gt;0.001&lt;/ZTolerance&gt;&lt;MTolerance&gt;0.001&lt;/MTolerance&gt;&lt;HighPrecision&gt;true&lt;/HighPrecision&gt;&lt;LeftLongitude&gt;-180&lt;/LeftLongitude&gt;&lt;/GeographicCoordinateSystem&gt;</peXml></coordRef><lineage><Process ToolSource="c:\program files\arcgis\pro\Resources\ArcToolbox\toolboxes\Conversion Tools.tbx\FeatureClassToFeatureClass" Date="20221010" Time="085651">FeatureClassToFeatureClass ZMPAP_Hex_v "C:\Users\Cineas Jean Phillipe\Desktop\MSNA_Echantillon\MSNA_work\Data\ZMPAP\ZMPAP_HEX" HTI2022_ZMPAP_Hex.shp # "Join_Count "Join_Count" true true false 10 Long 0 10,First,#,ZMPAP_Hex_v,Join_Count,-1,-1;TARGET_FID "TARGET_FID" true true false 10 Long 0 10,First,#,ZMPAP_Hex_v,TARGET_FID,-1,-1;Join_Cou_1 "Join_Cou_1" true true false 10 Long 0 10,First,#,ZMPAP_Hex_v,Join_Cou_1,-1,-1;TARGET_F_1 "TARGET_F_1" true true false 10 Long 0 10,First,#,ZMPAP_Hex_v,TARGET_F_1,-1,-1;Hex_Id "Hex_Id" true true false 10 Long 0 10,First,#,ZMPAP_Hex_v,Hex_Id,-1,-1;fid_1 "fid_1" true true false 9 Long 0 9,First,#,ZMPAP_Hex_v,fid_1,-1,-1;id_com "id_com" true true false 9 Long 0 9,First,#,ZMPAP_Hex_v,id_com,-1,-1;commune "commune" true true false 254 Text 0 0,First,#,ZMPAP_Hex_v,commune,0,254;id_dep "id_dep" true true false 9 Long 0 9,First,#,ZMPAP_Hex_v,id_dep,-1,-1;departemen "departemen" true true false 254 Text 0 0,First,#,ZMPAP_Hex_v,departemen,0,254;shape_leng "shape_leng" true true false 19 Double 15 18,First,#,ZMPAP_Hex_v,shape_leng,-1,-1;latitude "latitude" true true false 19 Double 15 18,First,#,ZMPAP_Hex_v,latitude,-1,-1;longitude "longitude" true true false 19 Double 15 18,First,#,ZMPAP_Hex_v,longitude,-1,-1;shape_le_1 "shape_le_1" true true false 19 Double 15 18,First,#,ZMPAP_Hex_v,shape_le_1,-1,-1;shape_area "shape_area" true true false 19 Double 15 18,First,#,ZMPAP_Hex_v,shape_area,-1,-1;pointid "pointid" true true false 10 Long 0 10,First,#,ZMPAP_Hex_v,pointid,-1,-1;grid_code "grid_code" true true false 19 Double 11 18,First,#,ZMPAP_Hex_v,grid_code,-1,-1;Lat "Lat" true true false 11 Double 8 10,First,#,ZMPAP_Hex_v,Lat,-1,-1;Long "Long" true true false 11 Double 8 10,First,#,ZMPAP_Hex_v,Long,-1,-1;addr_stree "addr_stree" true true false 254 Text 0 0,First,#,ZMPAP_Hex_v,addr_stree,0,254" #</Process><Process ToolSource="c:\program files\arcgis\pro\Resources\ArcToolbox\toolboxes\Data Management Tools.tbx\DeleteField" Date="20221010" Time="100953">DeleteField HTI2022_ZMPAP_Hex Join_Count</Process><Process ToolSource="c:\program files\arcgis\pro\Resources\ArcToolbox\toolboxes\Data Management Tools.tbx\DeleteField" Date="20221010" Time="101000">DeleteField HTI2022_ZMPAP_Hex TARGET_FID</Process><Process ToolSource="c:\program files\arcgis\pro\Resources\ArcToolbox\toolboxes\Data Management Tools.tbx\DeleteField" Date="20221010" Time="101005">DeleteField HTI2022_ZMPAP_Hex Join_Cou_1</Process><Process ToolSource="c:\program files\arcgis\pro\Resources\ArcToolbox\toolboxes\Data Management Tools.tbx\DeleteField" Date="20221010" Time="101011">DeleteField HTI2022_ZMPAP_Hex TARGET_F_1</Process><Process ToolSource="c:\program files\arcgis\pro\Resources\ArcToolbox\toolboxes\Data Management Tools.tbx\DeleteField" Date="20221010" Time="101017">DeleteField HTI2022_ZMPAP_Hex fid_1</Process><Process ToolSource="c:\program files\arcgis\pro\Resources\ArcToolbox\toolboxes\Data Management Tools.tbx\DeleteField" Date="20221010" Time="101054">DeleteField HTI2022_ZMPAP_Hex shape_leng</Process><Process ToolSource="c:\program files\arcgis\pro\Resources\ArcToolbox\toolboxes\Data Management Tools.tbx\DeleteField" Date="20221010" Time="101103">DeleteField HTI2022_ZMPAP_Hex latitude</Process><Process ToolSource="c:\program files\arcgis\pro\Resources\ArcToolbox\toolboxes\Data Management Tools.tbx\DeleteField" Date="20221010" Time="101110">DeleteField HTI2022_ZMPAP_Hex longitude</Process><Process ToolSource="c:\program files\arcgis\pro\Resources\ArcToolbox\toolboxes\Data Management Tools.tbx\DeleteField" Date="20221010" Time="101116">DeleteField HTI2022_ZMPAP_Hex shape_le_1</Process><Process ToolSource="c:\program files\arcgis\pro\Resources\ArcToolbox\toolboxes\Data Management Tools.tbx\DeleteField" Date="20221010" Time="101122">DeleteField HTI2022_ZMPAP_Hex shape_area</Process><Process ToolSource="c:\program files\arcgis\pro\Resources\ArcToolbox\toolboxes\Data Management Tools.tbx\DeleteField" Date="20221010" Time="101127">DeleteField HTI2022_ZMPAP_Hex pointid</Process><Process ToolSource="c:\program files\arcgis\pro\Resources\ArcToolbox\toolboxes\Analysis Tools.tbx\Clip" Date="20221012" Time="122524">Clip HTI2022_ZMPAP_Hex ZMPAP\Commune_Tabarre "C:\Users\Cineas Jean Phillipe\Desktop\MSNA_Echantillon\MSNA_work\Data\Haiti\Fichier_final\HTI2022_ZMPAP_Com\HTI2022_ZMPAP_Tabarre.shp" #</Process><Process ToolSource="c:\program files\arcgis\pro\Resources\ArcToolbox\toolboxes\Data Management Tools.tbx\Dissolve" Date="20221012" Time="124340">Dissolve HTI2022_ZMPAP_Com\HTI2022_ZMPAP_Tabarre "C:\Users\Cineas Jean Phillipe\Desktop\MSNA_Echantillon\MSNA_work\Data\Haiti\Fichier_final\HTI2022_ZMPAP_Com\HTI2022_ZMPAP_Tabarre_Merg.shp" # # MULTI_PART DISSOLVE_LINES</Process><Process ToolSource="c:\program files\arcgis\pro\Resources\ArcToolbox\toolboxes\Analysis Tools.tbx\Union" Date="20221012" Time="131426">Union "HTI2022_ZMPAP_Com_Merg\HTI2022_ZMPAP_Tabarre_Merg #;HTI2022_ZMPAP_Com_Merg\HTI2022_ZMPAP_Port-au-Prince_Merg #;HTI2022_ZMPAP_Com_Merg\HTI2022_ZMPAP_Petion-Ville_Merg #;HTI2022_ZMPAP_Com_Merg\HTI2022_ZMPAP_Kenscoff_Merg #;HTI2022_ZMPAP_Com_Merg\HTI2022_ZMPAP_Gressier_Merg #;HTI2022_ZMPAP_Com_Merg\HTI2022_ZMPAP_Delmas_Merg #;HTI2022_ZMPAP_Com_Merg\HTI2022_ZMPAP_Croix-Des-Bouquets_Merg #;HTI2022_ZMPAP_Com_Merg\HTI2022_ZMPAP_Cité-Soleil_Merg #;HTI2022_ZMPAP_Com_Merg\HTI2022_ZMPAP_Thomazeau_Merg #;HTI2022_ZMPAP_Com_Merg\HTI2022_ZMPAP_Carrefour_Merg #" "C:\Users\Cineas Jean Phillipe\Desktop\MSNA_Echantillon\MSNA_work\Data\Haiti\Fichier_final\HTI2022_ZMPAP_Com\HTI2022_ZMPAP_Com_U.shp" "All attributes" # GAPS</Process><Process ToolSource="c:\program files\arcgis\pro\Resources\ArcToolbox\toolboxes\Data Management Tools.tbx\DeleteField" Date="20221012" Time="131448">DeleteField HTI2022_ZMPAP_Com_U FID_HTI202</Process><Process ToolSource="c:\program files\arcgis\pro\Resources\ArcToolbox\toolboxes\Data Management Tools.tbx\DeleteField" Date="20221012" Time="131453">DeleteField HTI2022_ZMPAP_Com_U Id</Process><Process ToolSource="c:\program files\arcgis\pro\Resources\ArcToolbox\toolboxes\Data Management Tools.tbx\DeleteField" Date="20221012" Time="131459">DeleteField HTI2022_ZMPAP_Com_U FID_HTI2_1</Process><Process ToolSource="c:\program files\arcgis\pro\Resources\ArcToolbox\toolboxes\Data Management Tools.tbx\DeleteField" Date="20221012" Time="131503">DeleteField HTI2022_ZMPAP_Com_U Id_1</Process><Process ToolSource="c:\program files\arcgis\pro\Resources\ArcToolbox\toolboxes\Data Management Tools.tbx\DeleteField" Date="20221012" Time="131509">DeleteField HTI2022_ZMPAP_Com_U FID_HTI2_2</Process><Process ToolSource="c:\program files\arcgis\pro\Resources\ArcToolbox\toolboxes\Data Management Tools.tbx\DeleteField" Date="20221012" Time="131514">DeleteField HTI2022_ZMPAP_Com_U Id_12</Process><Process ToolSource="c:\program files\arcgis\pro\Resources\ArcToolbox\toolboxes\Data Management Tools.tbx\DeleteField" Date="20221012" Time="131520">DeleteField HTI2022_ZMPAP_Com_U FID_HTI2_3</Process><Process ToolSource="c:\program files\arcgis\pro\Resources\ArcToolbox\toolboxes\Data Management Tools.tbx\DeleteField" Date="20221012" Time="131524">DeleteField HTI2022_ZMPAP_Com_U Id_12_13</Process><Process ToolSource="c:\program files\arcgis\pro\Resources\ArcToolbox\toolboxes\Data Management Tools.tbx\DeleteField" Date="20221012" Time="131530">DeleteField HTI2022_ZMPAP_Com_U FID_HTI2_4</Process><Process ToolSource="c:\program files\arcgis\pro\Resources\ArcToolbox\toolboxes\Data Management Tools.tbx\DeleteField" Date="20221012" Time="131535">DeleteField HTI2022_ZMPAP_Com_U Id_12_1_14</Process><Process ToolSource="c:\program files\arcgis\pro\Resources\ArcToolbox\toolboxes\Data Management Tools.tbx\DeleteField" Date="20221012" Time="131539">DeleteField HTI2022_ZMPAP_Com_U FID_HTI2_5</Process><Process ToolSource="c:\program files\arcgis\pro\Resources\ArcToolbox\toolboxes\Data Management Tools.tbx\DeleteField" Date="20221012" Time="131544">DeleteField HTI2022_ZMPAP_Com_U Id_12_1_15</Process><Process ToolSource="c:\program files\arcgis\pro\Resources\ArcToolbox\toolboxes\Data Management Tools.tbx\DeleteField" Date="20221012" Time="131548">DeleteField HTI2022_ZMPAP_Com_U FID_HTI2_6</Process><Process ToolSource="c:\program files\arcgis\pro\Resources\ArcToolbox\toolboxes\Data Management Tools.tbx\DeleteField" Date="20221012" Time="131554">DeleteField HTI2022_ZMPAP_Com_U Id_12_1_16</Process><Process ToolSource="c:\program files\arcgis\pro\Resources\ArcToolbox\toolboxes\Data Management Tools.tbx\DeleteField" Date="20221012" Time="131559">DeleteField HTI2022_ZMPAP_Com_U FID_HTI2_7</Process><Process ToolSource="c:\program files\arcgis\pro\Resources\ArcToolbox\toolboxes\Data Management Tools.tbx\DeleteField" Date="20221012" Time="131604">DeleteField HTI2022_ZMPAP_Com_U Id_12_1_17</Process><Process ToolSource="c:\program files\arcgis\pro\Resources\ArcToolbox\toolboxes\Data Management Tools.tbx\DeleteField" Date="20221012" Time="131608">DeleteField HTI2022_ZMPAP_Com_U FID_HTI2_8</Process><Process ToolSource="c:\program files\arcgis\pro\Resources\ArcToolbox\toolboxes\Data Management Tools.tbx\DeleteField" Date="20221012" Time="131613">DeleteField HTI2022_ZMPAP_Com_U Id_12_1_18</Process><Process ToolSource="c:\program files\arcgis\pro\Resources\ArcToolbox\toolboxes\Data Management Tools.tbx\DeleteField" Date="20221012" Time="131618">DeleteField HTI2022_ZMPAP_Com_U FID_HTI2_9</Process><Process ToolSource="c:\program files\arcgis\pro\Resources\ArcToolbox\toolboxes\Data Management Tools.tbx\UpdateSchema" Date="20221012" Time="131940">UpdateSchema "CIMDATA=&lt;CIMStandardDataConnection xsi:type='typens:CIMStandardDataConnection' xmlns:xsi='http://www.w3.org/2001/XMLSchema-instance' xmlns:xs='http://www.w3.org/2001/XMLSchema' xmlns:typens='http://www.esri.com/schemas/ArcGIS/2.7.0'&gt;&lt;WorkspaceConnectionString&gt;DATABASE=C:\Users\Cineas Jean Phillipe\Desktop\MSNA_Echantillon\MSNA_work\Data\Haiti\Fichier_final\HTI2022_ZMPAP_Com&lt;/WorkspaceConnectionString&gt;&lt;WorkspaceFactory&gt;Shapefile&lt;/WorkspaceFactory&gt;&lt;Dataset&gt;HTI2022_ZMPAP_Com_U&lt;/Dataset&gt;&lt;DatasetType&gt;esriDTFeatureClass&lt;/DatasetType&gt;&lt;/CIMStandardDataConnection&gt;" &lt;operationSequence&gt;&lt;workflow&gt;&lt;AddField&gt;&lt;field_name&gt;Departemen&lt;/field_name&gt;&lt;field_type&gt;TEXT&lt;/field_type&gt;&lt;field_length&gt;255&lt;/field_length&gt;&lt;field_is_nullable&gt;False&lt;/field_is_nullable&gt;&lt;field_is_required&gt;False&lt;/field_is_required&gt;&lt;/AddField&gt;&lt;/workflow&gt;&lt;workflow&gt;&lt;AddField&gt;&lt;field_name&gt;Commune&lt;/field_name&gt;&lt;field_type&gt;TEXT&lt;/field_type&gt;&lt;field_length&gt;255&lt;/field_length&gt;&lt;field_is_nullable&gt;False&lt;/field_is_nullable&gt;&lt;field_is_required&gt;False&lt;/field_is_required&gt;&lt;/AddField&gt;&lt;/workflow&gt;&lt;workflow&gt;&lt;AddField&gt;&lt;field_name&gt;Superficie&lt;/field_name&gt;&lt;field_type&gt;DOUBLE&lt;/field_type&gt;&lt;field_is_nullable&gt;False&lt;/field_is_nullable&gt;&lt;field_is_required&gt;False&lt;/field_is_required&gt;&lt;/AddField&gt;&lt;/workflow&gt;&lt;/operationSequence&gt;</Process><Process ToolSource="c:\program files\arcgis\pro\Resources\ArcToolbox\toolboxes\Conversion Tools.tbx\FeatureClassToFeatureClass" Date="20221012" Time="135952">FeatureClassToFeatureClass OUEST_Union\HTI2022_ZMPAP_Com_U "C:\Users\Cineas Jean Phillipe\Desktop\MSNA_Echantillon\MSNA_work\Data\Fichier_final" HTI2022_ZMPAP_Commune.shp # "Id_12_1_19 "Id" true true false 6 Long 0 6,First,#,OUEST_Union\HTI2022_ZMPAP_Com_U,Id_12_1_19,-1,-1;Departemen "Dep" true true false 254 Text 0 0,First,#,OUEST_Union\HTI2022_ZMPAP_Com_U,Departemen,0,254;Commune "Commune" true true false 254 Text 0 0,First,#,OUEST_Union\HTI2022_ZMPAP_Com_U,Commune,0,254;Superficie "Sup" true true false 19 Double 0 0,First,#,OUEST_Union\HTI2022_ZMPAP_Com_U,Superficie,-1,-1" #</Process></lineage><LayerFile>{"type":"CIMLayerDocument","version":"2.7.0","build":26828,"layers":["CIMPATH=map2/hti2022_zmpap_commune.xml"],"layerDefinitions":[{"type":"CIMFeatureLayer","name":"HTI2022_ZMPAP_Commune","uRI":"CIMPATH=map2/hti2022_zmpap_commune.xml","sourceModifiedTime":{"type":"TimeInstant"},"useSourceMetadata":true,"description":"HTI2022_ZMPAP_Commune","layerElevation":{"type":"CIMLayerElevationSurface","mapElevationID":"{188B5698-2C34-4597-9121-0692FF7BD6EA}"},"expanded":true,"layerType":"Operational","showLegends":true,"visibility":true,"displayCacheType":"Permanent","maxDisplayCacheAge":5,"showPopups":true,"serviceLayerID":-1,"refreshRate":-1,"refreshRateUnit":"esriTimeUnitsSeconds","blendingMode":"Alpha","autoGenerateFeatureTemplates":true,"featureElevationExpression":"0","featureTable":{"type":"CIMFeatureTable","displayField":"Id_12_1_19","editable":true,"dataConnection":{"type":"CIMStandardDataConnection","workspaceConnectionString":"DATABASE=..\\..\\..\\..\\..\\Cineas Jean Phillipe\\Desktop\\MSNA_Echantillon\\MSNA_work\\Data\\Fichier_final","workspaceFactory":"Shapefile","dataset":"HTI2022_ZMPAP_Commune","datasetType":"esriDTFeatureClass"},"studyAreaSpatialRel":"esriSpatialRelUndefined","searchOrder":"esriSearchOrderSpatial"},"htmlPopupEnabled":true,"selectable":true,"featureCacheType":"Session","displayFiltersType":"ByScale","featureBlendingMode":"Alpha","labelClasses":[{"type":"CIMLabelClass","expressionTitle":"Custom","expression":"$feature.Commune","expressionEngine":"Arcade","featuresToLabel":"AllVisibleFeatures","maplexLabelPlacementProperties":{"type":"CIMMaplexLabelPlacementProperties","featureType":"Polygon","avoidPolygonHoles":true,"canOverrunFeature":true,"canPlaceLabelOutsidePolygon":true,"canRemoveOverlappingLabel":true,"canStackLabel":true,"connectionType":"Unambiguous","constrainOffset":"NoConstraint","contourAlignmentType":"Page","contourLadderType":"Straight","contourMaximumAngle":90,"enableConnection":true,"featureWeight":0,"fontHeightReductionLimit":4,"fontHeightReductionStep":0.5,"fontWidthReductionLimit":90,"fontWidthReductionStep":5,"graticuleAlignmentType":"Straight","keyNumberGroupName":"Default","labelBuffer":15,"labelLargestPolygon":true,"labelPriority":-1,"labelStackingProperties":{"type":"CIMMaplexLabelStackingProperties","stackAlignment":"ChooseBest","maximumNumberOfLines":3,"minimumNumberOfCharsPerLine":3,"maximumNumberOfCharsPerLine":24,"separators":[{"type":"CIMMaplexStackingSeparator","separator":" ","splitAfter":true},{"type":"CIMMaplexStackingSeparator","separator":",","visible":true,"splitAfter":true}]},"lineFeatureType":"General","linePlacementMethod":"OffsetCurvedFromLine","maximumLabelOverrun":80,"maximumLabelOverrunUnit":"Point","minimumFeatureSizeUnit":"Map","multiPartOption":"OneLabelPerPart","offsetAlongLineProperties":{"type":"CIMMaplexOffsetAlongLineProperties","placementMethod":"BestPositionAlongLine","labelAnchorPoint":"CenterOfLabel","distanceUnit":"Percentage","useLineDirection":true},"pointExternalZonePriorities":{"type":"CIMMaplexExternalZonePriorities","aboveLeft":4,"aboveCenter":2,"aboveRight":1,"centerRight":3,"belowRight":5,"belowCenter":7,"belowLeft":8,"centerLeft":6},"pointPlacementMethod":"AroundPoint","polygonAnchorPointType":"GeometricCenter","polygonBoundaryWeight":0,"polygonExternalZones":{"type":"CIMMaplexExternalZonePriorities","aboveLeft":4,"aboveCenter":2,"aboveRight":1,"centerRight":3,"belowRight":5,"belowCenter":7,"belowLeft":8,"centerLeft":6},"polygonFeatureType":"General","polygonInternalZones":{"type":"CIMMaplexInternalZonePriorities","center":1},"polygonPlacementMethod":"HorizontalInPolygon","primaryOffset":1,"primaryOffsetUnit":"Point","removeExtraWhiteSpace":true,"repetitionIntervalUnit":"Point","rotationProperties":{"type":"CIMMaplexRotationProperties","rotationType":"Arithmetic","alignmentType":"Straight"},"secondaryOffset":100,"strategyPriorities":{"type":"CIMMaplexStrategyPriorities","stacking":1,"overrun":2,"fontCompression":3,"fontReduction":4,"abbreviation":5},"thinningDistanceUnit":"Point","truncationMarkerCharacter":".","truncationMinimumLength":1,"truncationPreferredCharacters":"aeiou","truncationExcludedCharacters":"0123456789","polygonAnchorPointPerimeterInsetUnit":"Point"},"name":"Class 1","priority":-1,"standardLabelPlacementProperties":{"type":"CIMStandardLabelPlacementProperties","featureType":"Line","featureWeight":"None","labelWeight":"High","numLabelsOption":"OneLabelPerName","lineLabelPosition":{"type":"CIMStandardLineLabelPosition","above":true,"inLine":true,"parallel":true},"lineLabelPriorities":{"type":"CIMStandardLineLabelPriorities","aboveStart":3,"aboveAlong":3,"aboveEnd":3,"centerStart":3,"centerAlong":3,"centerEnd":3,"belowStart":3,"belowAlong":3,"belowEnd":3},"pointPlacementMethod":"AroundPoint","pointPlacementPriorities":{"type":"CIMStandardPointPlacementPriorities","aboveLeft":2,"aboveCenter":2,"aboveRight":1,"centerLeft":3,"centerRight":2,"belowLeft":3,"belowCenter":3,"belowRight":2},"rotationType":"Arithmetic","polygonPlacementMethod":"AlwaysHorizontal"},"textSymbol":{"type":"CIMSymbolReference","symbol":{"type":"CIMTextSymbol","blockProgression":"TTB","depth3D":1,"extrapolateBaselines":true,"fontEffects":"Normal","fontEncoding":"Unicode","fontFamilyName":"Tahoma","fontStyleName":"Regular","fontType":"Unspecified","haloSize":1,"height":10,"hinting":"Default","horizontalAlignment":"Left","kerning":true,"letterWidth":100,"ligatures":true,"lineGapType":"ExtraLeading","symbol":{"type":"CIMPolygonSymbol","symbolLayers":[{"type":"CIMSolidFill","enable":true,"color":{"type":"CIMRGBColor","values":[0,0,0,100]}}]},"textCase":"Normal","textDirection":"LTR","verticalAlignment":"Bottom","verticalGlyphOrientation":"Right","wordSpacing":100,"billboardMode3D":"FaceNearPlane"}},"useCodedValue":true,"visibility":true,"iD":-1}],"renderer":{"type":"CIMSimpleRenderer","patch":"Default","symbol":{"type":"CIMSymbolReference","symbol":{"type":"CIMPolygonSymbol","symbolLayers":[{"type":"CIMSolidStroke","enable":true,"capStyle":"Round","joinStyle":"Round","lineStyle3D":"Strip","miterLimit":10,"width":0.69999999999999996,"color":{"type":"CIMRGBColor","values":[110,110,110,100]}},{"type":"CIMSolidFill","enable":true,"color":{"type":"CIMRGBColor","values":[0,153,51,100]}}]}}},"scaleSymbols":true,"snappable":true}]}</LayerFile></DataProperties><SyncDate>20221012</SyncDate><SyncTime>13595200</SyncTime><ModDate>20221012</ModDate><ModTime>13595200</ModTime></Esri><dataIdInfo><envirDesc Sync="TRUE">Microsoft Windows 10 Version 10.0 (Build 19043) ; Esri ArcGIS 12.7.0.26828</envirDesc><dataLang><languageCode value="eng" Sync="TRUE"></languageCode><countryCode value="CHE" Sync="TRUE"></countryCode></dataLang><idCitation><resTitle Sync="TRUE">HTI2022_ZMPAP_Commune</resTitle><presForm><PresFormCd value="005" Sync="TRUE"></PresFormCd></presForm></idCitation><spatRpType><SpatRepTypCd value="001" Sync="TRUE"></SpatRepTypCd></spatRpType></dataIdInfo><mdLang><languageCode value="eng" Sync="TRUE"></languageCode><countryCode value="CHE" Sync="TRUE"></countryCode></mdLang><mdChar><CharSetCd value="004" Sync="TRUE"></CharSetCd></mdChar><distInfo><distFormat><formatName Sync="TRUE">Shapefile</formatName></distFormat><distTranOps><transSize Sync="TRUE">0.000</transSize></distTranOps></distInfo><mdHrLv><ScopeCd value="005" Sync="TRUE"></ScopeCd></mdHrLv><mdHrLvName Sync="TRUE">dataset</mdHrLvName><refSysInfo><RefSystem><refSysID><identCode code="0" Sync="TRUE"></identCode></refSysID></RefSystem></refSysInfo><spatRepInfo><VectSpatRep><geometObjs Name="HTI2022_ZMPAP_Commune"><geoObjTyp><GeoObjTypCd value="002" Sync="TRUE"></GeoObjTypCd></geoObjTyp><geoObjCnt Sync="TRUE">0</geoObjCnt></geometObjs><topLvl><TopoLevCd value="001" Sync="TRUE"></TopoLevCd></topLvl></VectSpatRep></spatRepInfo><spdoinfo><ptvctinf><esriterm Name="HTI2022_ZMPAP_Commune"><efeatyp Sync="TRUE">Simple</efeatyp><efeageom code="4" Sync="TRUE"></efeageom><esritopo Sync="TRUE">FALSE</esritopo><efeacnt Sync="TRUE">0</efeacnt><spindex Sync="TRUE">FALSE</spindex><linrefer Sync="TRUE">FALSE</linrefer></esriterm></ptvctinf></spdoinfo><eainfo><detailed Name="HTI2022_ZMPAP_Commune"><enttyp><enttypl Sync="TRUE">HTI2022_ZMPAP_Commune</enttypl><enttypt Sync="TRUE">Feature Class</enttypt><enttypc Sync="TRUE">0</enttypc></enttyp><attr><attrlabl Sync="TRUE">FID</attrlabl><attalias Sync="TRUE">FID</attalias><attrtype Sync="TRUE">OID</attrtype><attwidth Sync="TRUE">4</attwidth><atprecis Sync="TRUE">0</atprecis><attscale Sync="TRUE">0</attscale><attrdef Sync="TRUE">Internal feature number.</attrdef><attrdefs Sync="TRUE">Esri</attrdefs><attrdomv><udom Sync="TRUE">Sequential unique whole numbers that are automatically generated.</udom></attrdomv></attr><attr><attrlabl Sync="TRUE">Shape</attrlabl><attalias Sync="TRUE">Shape</attalias><attrtype Sync="TRUE">Geometry</attrtype><attwidth Sync="TRUE">0</attwidth><atprecis Sync="TRUE">0</atprecis><attscale Sync="TRUE">0</attscale><attrdef Sync="TRUE">Feature geometry.</attrdef><attrdefs Sync="TRUE">Esri</attrdefs><attrdomv><udom Sync="TRUE">Coordinates defining the features.</udom></attrdomv></attr><attr><attrlabl Sync="TRUE">Id_12_1_19</attrlabl><attalias Sync="TRUE">Id_12_1_19</attalias><attrtype Sync="TRUE">Integer</attrtype><attwidth Sync="TRUE">6</attwidth><atprecis Sync="TRUE">6</atprecis><attscale Sync="TRUE">0</attscale></attr><attr><attrlabl Sync="TRUE">Departemen</attrlabl><attalias Sync="TRUE">Departemen</attalias><attrtype Sync="TRUE">String</attrtype><attwidth Sync="TRUE">254</attwidth><atprecis Sync="TRUE">0</atprecis><attscale Sync="TRUE">0</attscale></attr><attr><attrlabl Sync="TRUE">Commune</attrlabl><attalias Sync="TRUE">Commune</attalias><attrtype Sync="TRUE">String</attrtype><attwidth Sync="TRUE">254</attwidth><atprecis Sync="TRUE">0</atprecis><attscale Sync="TRUE">0</attscale></attr><attr><attrlabl Sync="TRUE">Superficie</attrlabl><attalias Sync="TRUE">Superficie</attalias><attrtype Sync="TRUE">Double</attrtype><attwidth Sync="TRUE">19</attwidth><atprecis Sync="TRUE">0</atprecis><attscale Sync="TRUE">0</attscale></attr></detailed></eainfo><mdDateSt Sync="TRUE">20221012</mdDateSt></metadata>
